{
  "animation_settings": {
    "animation": true,
    "water": false,
    "lava": false,
    "fire": true,
    "portal": false,
    "block_animations": true,
    "sculk_sensor": false
  },
  "particle_settings": {
    "particles": true,
    "rain_splash": true,
    "block_break": false,
    "block_breaking": false,
    "other": {
      "minecraft:ambient_entity_effect": false,
      "minecraft:angry_villager": false,
      "minecraft:ash": false,
      "minecraft:block": false,
      "minecraft:bubble": false,
      "minecraft:bubble_column_up": false,
      "minecraft:bubble_pop": false,
      "minecraft:cloud": false,
      "minecraft:composter": false,
      "minecraft:crimson_spore": false,
      "minecraft:crit": false,
      "minecraft:current_down": false,
      "minecraft:damage_indicator": false,
      "minecraft:dust": false,
      "minecraft:dust_color_transition": false,
      "minecraft:effect": false,
      "minecraft:egg_crack": false,
      "minecraft:elder_guardian": false,
      "minecraft:electric_spark": false,
      "minecraft:enchant": false,
      "minecraft:enchanted_hit": false,
      "minecraft:entity_effect": false,
      "minecraft:explosion": false,
      "minecraft:explosion_emitter": false,
      "minecraft:firework": false,
      "minecraft:fishing": false,
      "minecraft:flame": false,
      "minecraft:flash": false,
      "minecraft:glow": false,
      "minecraft:glow_squid_ink": false,
      "minecraft:happy_villager": false,
      "minecraft:heart": false,
      "minecraft:instant_effect": false,
      "minecraft:item": false,
      "minecraft:note": false,
      "minecraft:poof": false,
      "minecraft:portal": false
    }
  },
  "detail_settings": {
    "sky": true,
    "sun_moon": true,
    "stars": true,
    "rain_snow": true,
    "biome_colors": true,
    "sky_colors": true
  },
  "render_settings": {
    "fog_distance": 0,
    "fog_start": 20,
    "multi_dimension_fog_control": false,
    "dimensionFogDistance": {},
    "light_updates": true,
    "item_frame": true,
    "armor_stand": false,
    "painting": true,
    "piston": false,
    "beacon_beam": false,
    "enchanting_table_book": false,
    "item_frame_name_tag": true,
    "player_name_tag": true
  },
  "extra_settings": {
    "overlay_corner": "TOP_LEFT",
    "text_contrast": "NONE",
    "show_fps": true,
    "show_f_p_s_extended": true,
    "show_coords": true,
    "reduce_resolution_on_mac": false,
    "use_adaptive_sync": false,
    "cloud_height": -64,
    "toasts": false,
    "advancement_toast": false,
    "recipe_toast": false,
    "system_toast": true,
    "tutorial_toast": true,
    "instant_sneak": false,
    "prevent_shaders": false,
    "steady_debug_hud": true,
    "steady_debug_hud_refresh_interval": 1
  },
  "notification_settings": {
    "hide_r_s_o_recommendation": false
  },
  "super_secret_settings": {
    "fetch_sodium_extra_crowdin_translations": false,
    "sodium_extra_crowdin_project_identifier": "sodium-extra",
    "fetch_sodium_crowdin_translations": false,
    "sodium_crowdin_project_identifier": "sodium-fabric"
  }
}