{
  "toggleMod": true,
  "saveToMemory": "ALL",
  "toggleAreas": true,
  "firstRadius": 15.0,
  "secondRadius": 20.0,
  "areasHideArmor": true,
  "areasHide2ndLayer": true,
  "thirdRadius": 25.0,
  "areasShowOnlyHeads": true,
  "areasHideHeldItems": true,
  "areasHidePlayers": false,
  "whitelist": [],
  "blocklist": [],
  "blockingType": "ALL",
  "hideskinlist": [],
  "hidePlayers": true,
  "hidePlayersdistance": 64.0,
  "showOnlyHeads": false,
  "hideArmor": false,
  "hideHeldItems": false,
  "hideGlint": false,
  "hide2ndLayer": true,
  "toggleOnlineWhitelist": false,
  "onlineWhitelistUrl": "http://tmp-sp-whitelist.uwu.name"
}