{
  "toggleMod": true,
  "saveToMemory": "ALL",
  "toggleAreas": true,
  "firstRadius": 5.0,
  "secondRadius": 10.0,
  "areasHideArmor": true,
  "areasHide2ndLayer": false,
  "thirdRadius": 15.0,
  "areasShowOnlyHeads": true,
  "areasHideHeldItems": true,
  "areasHidePlayers": true,
  "whitelist": [],
  "blocklist": [],
  "blockingType": "ALL",
  "hideskinlist": [],
  "hidePlayers": false,
  "hidePlayersdistance": 30.0,
  "showOnlyHeads": false,
  "hideArmor": false,
  "hideHeldItems": false,
  "hideGlint": true,
  "hide2ndLayer": false,
  "toggleOnlineWhitelist": false,
  "onlineWhitelistUrl": "http://tmp-sp-whitelist.uwu.name"
}