{
    "ModSettings": {
        "include_hotbar_modifier": {
            "main": {
                "keys": ""
            }
        },
        "move_all_modifier": {
            "main": {
                "keys": ""
            }
        },
        "move_focus_mach_modifier": {
            "main": {
                "keys": ""
            }
        },
        "move_just_refill_modifier": {
            "main": {
                "keys": "BUTTON_2"
            }
        },
        "always_include_hotbar": true,
        "highlight_foused_items": {
            "value": false
        },
        "first_run": false
    }
}